filename,actor_ID,actor_gender,emotion,scenario_ID,version
F01A0V1,F01,Female,Angry,0,1
F01A0V2,F01,Female,Angry,0,2
F01A1V1,F01,Female,Angry,1,1
F01A1V2,F01,Female,Angry,1,2
F01A1V3,F01,Female,Angry,1,3
F01A2V1,F01,Female,Angry,2,1
F01A3V1,F01,Female,Angry,3,1
F01A4V1,F01,Female,Angry,4,1
F01A5V1,F01,Female,Angry,5,1
F01D0V1,F01,Female,Disgust,0,1
F01D0V2,F01,Female,Disgust,0,2
F01D1V1,F01,Female,Disgust,1,1
F01D2V1,F01,Female,Disgust,2,1
F01D3V1,F01,Female,Disgust,3,1
F01D4V1,F01,Female,Disgust,4,1
F01D5V1,F01,Female,Disgust,5,1
F01D5V2,F01,Female,Disgust,5,2
F01F0V1,F01,Female,Fearful,0,1
F01F1V1,F01,Female,Fearful,1,1
F01F2V1,F01,Female,Fearful,2,1
F01F2V2,F01,Female,Fearful,2,2
F01F3V1,F01,Female,Fearful,3,1
F01F4V1,F01,Female,Fearful,4,1
F01F4V2,F01,Female,Fearful,4,2
F01F5V1,F01,Female,Fearful,5,1
F01H0V1,F01,Female,Happy,0,1
F01H0V2,F01,Female,Happy,0,2
F01H0V3,F01,Female,Happy,0,3
F01H1V1,F01,Female,Happy,1,1
F01H2V1,F01,Female,Happy,2,1
F01H3V1,F01,Female,Happy,3,1
F01H3V2,F01,Female,Happy,3,2
F01H4V1,F01,Female,Happy,4,1
F01H5V1,F01,Female,Happy,5,1
F01N1V1,F01,Female,Neutral,1,1
F01N1V2,F01,Female,Neutral,1,2
F01N2V1,F01,Female,Neutral,2,1
F01N3V1,F01,Female,Neutral,3,1
F01N4V1,F01,Female,Neutral,4,1
F01N5V1,F01,Female,Neutral,5,1
F01SA0V1,F01,Female,Sad,0,1
F01SA0V2,F01,Female,Sad,0,2
F01SA1V1,F01,Female,Sad,1,1
F01SA1V2,F01,Female,Sad,1,2
F01SA1V3,F01,Female,Sad,1,3
F01SA2V1,F01,Female,Sad,2,1
F01SA3V1,F01,Female,Sad,3,1
F01SA3V2,F01,Female,Sad,3,2
F01SA4V1,F01,Female,Sad,4,1
F01SA5V1,F01,Female,Sad,5,1
F01SU0V1,F01,Female,Surprise,0,1
F01SU1V1,F01,Female,Surprise,1,1
F01SU2V1,F01,Female,Surprise,2,1
F01SU3V1,F01,Female,Surprise,3,1
F01SU4V1,F01,Female,Surprise,4,1
F01SU5V1,F01,Female,Surprise,5,1
F02A0V1,F02,Female,Angry,0,1
F02A0V2,F02,Female,Angry,0,2
F02A1V1,F02,Female,Angry,1,1
F02A2V1,F02,Female,Angry,2,1
F02A2V2,F02,Female,Angry,2,2
F02A3V1,F02,Female,Angry,3,1
F02A4V1,F02,Female,Angry,4,1
F02A5V1,F02,Female,Angry,5,1
F02D0V1,F02,Female,Disgust,0,1
F02D0V2,F02,Female,Disgust,0,2
F02D0V4,F02,Female,Disgust,0,4
F02D1V1,F02,Female,Disgust,1,1
F02D1V2,F02,Female,Disgust,1,2
F02D2V1,F02,Female,Disgust,2,1
F02D3V1,F02,Female,Disgust,3,1
F02D4V1,F02,Female,Disgust,4,1
F02D4V2,F02,Female,Disgust,4,2
F02D5V1,F02,Female,Disgust,5,1
F02F0V1,F02,Female,Fearful,0,1
F02F1V1,F02,Female,Fearful,1,1
F02F1V2,F02,Female,Fearful,1,2
F02F2V1,F02,Female,Fearful,2,1
F02F3V1,F02,Female,Fearful,3,1
F02F3V2,F02,Female,Fearful,3,2
F02F4V1,F02,Female,Fearful,4,1
F02F5V1,F02,Female,Fearful,5,1
F02H0V1,F02,Female,Happy,0,1
F02H0V2,F02,Female,Happy,0,2
F02H0V3,F02,Female,Happy,0,3
F02H0V4,F02,Female,Happy,0,4
F02H1V1,F02,Female,Happy,1,1
F02H1V2,F02,Female,Happy,1,2
F02H2V1,F02,Female,Happy,2,1
F02H2V2,F02,Female,Happy,2,2
F02H2V3,F02,Female,Happy,2,3
F02H3V1,F02,Female,Happy,3,1
F02H4V1,F02,Female,Happy,4,1
F02H5V1,F02,Female,Happy,5,1
F02H5V2,F02,Female,Happy,5,2
F02N1V1,F02,Female,Neutral,1,1
F02N2V1,F02,Female,Neutral,2,1
F02N3V1,F02,Female,Neutral,3,1
F02N4V1,F02,Female,Neutral,4,1
F02N4V2,F02,Female,Neutral,4,2
F02N5V1,F02,Female,Neutral,5,1
F02SA0V1,F02,Female,Sad,0,1
F02SA1V1,F02,Female,Sad,1,1
F02SA1V2,F02,Female,Sad,1,2
F02SA2V1,F02,Female,Sad,2,1
F02SA3V1,F02,Female,Sad,3,1
F02SA4V1,F02,Female,Sad,4,1
F02SA5V1,F02,Female,Sad,5,1
F02SU0V1,F02,Female,Surprise,0,1
F02SU1V1,F02,Female,Surprise,1,1
F02SU2V1,F02,Female,Surprise,2,1
F02SU2V2,F02,Female,Surprise,2,2
F02SU3V1,F02,Female,Surprise,3,1
F02SU4V1,F02,Female,Surprise,4,1
F02SU5V1,F02,Female,Surprise,5,1
F03A0V1,F03,Female,Angry,0,1
F03A1V1,F03,Female,Angry,1,1
F03A1V2,F03,Female,Angry,1,2
F03A2V1,F03,Female,Angry,2,1
F03A3V1,F03,Female,Angry,3,1
F03A4V1,F03,Female,Angry,4,1
F03A5V1,F03,Female,Angry,5,1
F03A5V2,F03,Female,Angry,5,2
F03D0V1,F03,Female,Disgust,0,1
F03D1V1,F03,Female,Disgust,1,1
F03D2V1,F03,Female,Disgust,2,1
F03D3V1,F03,Female,Disgust,3,1
F03D4V1,F03,Female,Disgust,4,1
F03D5V1,F03,Female,Disgust,5,1
F03F0V1,F03,Female,Fearful,0,1
F03F0V2,F03,Female,Fearful,0,2
F03F1V1,F03,Female,Fearful,1,1
F03F1V2,F03,Female,Fearful,1,2
F03F2V1,F03,Female,Fearful,2,1
F03F3V1,F03,Female,Fearful,3,1
F03F4V1,F03,Female,Fearful,4,1
F03F5V1,F03,Female,Fearful,5,1
F03H0V1,F03,Female,Happy,0,1
F03H0V2,F03,Female,Happy,0,2
F03H1V1,F03,Female,Happy,1,1
F03H2V1,F03,Female,Happy,2,1
F03H3V1,F03,Female,Happy,3,1
F03H3V2,F03,Female,Happy,3,2
F03H4V1,F03,Female,Happy,4,1
F03H5V1,F03,Female,Happy,5,1
F03N1V1,F03,Female,Neutral,1,1
F03N2V1,F03,Female,Neutral,2,1
F03N3V1,F03,Female,Neutral,3,1
F03N3V2,F03,Female,Neutral,3,2
F03N4V1,F03,Female,Neutral,4,1
F03N4V2,F03,Female,Neutral,4,2
F03N5V1,F03,Female,Neutral,5,1
F03SA0V1,F03,Female,Sad,0,1
F03SA1V1,F03,Female,Sad,1,1
F03SA2V1,F03,Female,Sad,2,1
F03SA3V1,F03,Female,Sad,3,1
F03SA4V1,F03,Female,Sad,4,1
F03SA5V1,F03,Female,Sad,5,1
F03SU0V1,F03,Female,Surprise,0,1
F03SU0V2,F03,Female,Surprise,0,2
F03SU1V1,F03,Female,Surprise,1,1
F03SU2V1,F03,Female,Surprise,2,1
F03SU3V1,F03,Female,Surprise,3,1
F03SU3V2,F03,Female,Surprise,3,2
F03SU4V1,F03,Female,Surprise,4,1
F03SU5V1,F03,Female,Surprise,5,1
F05A0V1,F05,Female,Angry,0,1
F05A1V1,F05,Female,Angry,1,1
F05A2V1,F05,Female,Angry,2,1
F05A3V1,F05,Female,Angry,3,1
F05A4V1,F05,Female,Angry,4,1
F05A5V1,F05,Female,Angry,5,1
F05D0V1,F05,Female,Disgust,0,1
F05D1V1,F05,Female,Disgust,1,1
F05D1V2,F05,Female,Disgust,1,2
F05D1V3,F05,Female,Disgust,1,3
F05D2V1,F05,Female,Disgust,2,1
F05D3V1,F05,Female,Disgust,3,1
F05D3V2,F05,Female,Disgust,3,2
F05D4V1,F05,Female,Disgust,4,1
F05D4V2,F05,Female,Disgust,4,2
F05D5V1,F05,Female,Disgust,5,1
F05F0V1,F05,Female,Fearful,0,1
F05F0V2,F05,Female,Fearful,0,2
F05F0V3,F05,Female,Fearful,0,3
F05F0V4,F05,Female,Fearful,0,4
F05F0V5,F05,Female,Fearful,0,5
F05F1V1,F05,Female,Fearful,1,1
F05F1V2,F05,Female,Fearful,1,2
F05F2V1,F05,Female,Fearful,2,1
F05F2V2,F05,Female,Fearful,2,2
F05F3V1,F05,Female,Fearful,3,1
F05F3V2,F05,Female,Fearful,3,2
F05F4V1,F05,Female,Fearful,4,1
F05F5V1,F05,Female,Fearful,5,1
F05H0V1,F05,Female,Happy,0,1
F05H1V1,F05,Female,Happy,1,1
F05H2V1,F05,Female,Happy,2,1
F05H3V1,F05,Female,Happy,3,1
F05H4V1,F05,Female,Happy,4,1
F05H5V1,F05,Female,Happy,5,1
F05H5V2,F05,Female,Happy,5,2
F05N1V1,F05,Female,Neutral,1,1
F05N1V2,F05,Female,Neutral,1,2
F05N2V1,F05,Female,Neutral,2,1
F05N2V2,F05,Female,Neutral,2,2
F05N3V1,F05,Female,Neutral,3,1
F05N4V1,F05,Female,Neutral,4,1
F05N4V2,F05,Female,Neutral,4,2
F05N5V1,F05,Female,Neutral,5,1
F05N5V2,F05,Female,Neutral,5,2
F05SA0V1,F05,Female,Sad,0,1
F05SA0V2,F05,Female,Sad,0,2
F05SA1V1,F05,Female,Sad,1,1
F05SA2V1,F05,Female,Sad,2,1
F05SA3V1,F05,Female,Sad,3,1
F05SA4V1,F05,Female,Sad,4,1
F05SA5V1,F05,Female,Sad,5,1
F05SU0V1,F05,Female,Surprise,0,1
F05SU0V2,F05,Female,Surprise,0,2
F05SU0V3,F05,Female,Surprise,0,3
F05SU0V4,F05,Female,Surprise,0,4
F05SU1V1,F05,Female,Surprise,1,1
F05SU2V1,F05,Female,Surprise,2,1
F05SU2V2,F05,Female,Surprise,2,2
F05SU3V1,F05,Female,Surprise,3,1
F05SU3V2,F05,Female,Surprise,3,2
F05SU4V1,F05,Female,Surprise,4,1
F05SU5V1,F05,Female,Surprise,5,1
F06A0V1,F06,Female,Angry,0,1
F06A0V2,F06,Female,Angry,0,2
F06A0V3,F06,Female,Angry,0,3
F06A1V1,F06,Female,Angry,1,1
F06A2V1,F06,Female,Angry,2,1
F06A2V2,F06,Female,Angry,2,2
F06A2V3,F06,Female,Angry,2,3
F06A3V1,F06,Female,Angry,3,1
F06A3V2,F06,Female,Angry,3,2
F06A3V3,F06,Female,Angry,3,3
F06A4V1,F06,Female,Angry,4,1
F06A4V2,F06,Female,Angry,4,2
F06A5V1,F06,Female,Angry,5,1
F06A5V2,F06,Female,Angry,5,2
F06A5V3,F06,Female,Angry,5,3
F06D0V1,F06,Female,Disgust,0,1
F06D0V2,F06,Female,Disgust,0,2
F06D1V1,F06,Female,Disgust,1,1
F06D1V2,F06,Female,Disgust,1,2
F06D2V1,F06,Female,Disgust,2,1
F06D3V1,F06,Female,Disgust,3,1
F06D4V1,F06,Female,Disgust,4,1
F06D5V1,F06,Female,Disgust,5,1
F06D5V2,F06,Female,Disgust,5,2
F06D5V3,F06,Female,Disgust,5,3
F06F0V1,F06,Female,Fearful,0,1
F06F0V2,F06,Female,Fearful,0,2
F06F0V3,F06,Female,Fearful,0,3
F06F1V1,F06,Female,Fearful,1,1
F06F2V1,F06,Female,Fearful,2,1
F06F2V2,F06,Female,Fearful,2,2
F06F3V1,F06,Female,Fearful,3,1
F06F3V2,F06,Female,Fearful,3,2
F06F3V3,F06,Female,Fearful,3,3
F06F4V1,F06,Female,Fearful,4,1
F06F5V1,F06,Female,Fearful,5,1
F06H0V1,F06,Female,Happy,0,1
F06H0V2,F06,Female,Happy,0,2
F06H0V3,F06,Female,Happy,0,3
F06H0V4,F06,Female,Happy,0,4
F06H1V1,F06,Female,Happy,1,1
F06H2V1,F06,Female,Happy,2,1
F06H3V1,F06,Female,Happy,3,1
F06H4V1,F06,Female,Happy,4,1
F06H5V1,F06,Female,Happy,5,1
F06N1V1,F06,Female,Neutral,1,1
F06N2V1,F06,Female,Neutral,2,1
F06N3V1,F06,Female,Neutral,3,1
F06N4V1,F06,Female,Neutral,4,1
F06N5V1,F06,Female,Neutral,5,1
F06N5V2,F06,Female,Neutral,5,2
F06SA0V1,F06,Female,Sad,0,1
F06SA0V2,F06,Female,Sad,0,2
F06SA1V1,F06,Female,Sad,1,1
F06SA2V1,F06,Female,Sad,2,1
F06SA2V2,F06,Female,Sad,2,2
F06SA2V3,F06,Female,Sad,2,3
F06SA3V1,F06,Female,Sad,3,1
F06SA4V1,F06,Female,Sad,4,1
F06SA5V1,F06,Female,Sad,5,1
F06SA5V2,F06,Female,Sad,5,2
F06SU0V1,F06,Female,Surprise,0,1
F06SU0V2,F06,Female,Surprise,0,2
F06SU1V1,F06,Female,Surprise,1,1
F06SU1V2,F06,Female,Surprise,1,2
F06SU1V3,F06,Female,Surprise,1,3
F06SU1V4,F06,Female,Surprise,1,4
F06SU2V1,F06,Female,Surprise,2,1
F06SU2V2,F06,Female,Surprise,2,2
F06SU2V3,F06,Female,Surprise,2,3
F06SU2V4,F06,Female,Surprise,2,4
F06SU3V1,F06,Female,Surprise,3,1
F06SU3V2,F06,Female,Surprise,3,2
F06SU3V3,F06,Female,Surprise,3,3
F06SU4V1,F06,Female,Surprise,4,1
F06SU4V2,F06,Female,Surprise,4,2
F06SU4V3,F06,Female,Surprise,4,3
F06SU5V1,F06,Female,Surprise,5,1
F07A0V1,F07,Female,Angry,0,1
F07A0V2,F07,Female,Angry,0,2
F07A0V3,F07,Female,Angry,0,3
F07A0V4,F07,Female,Angry,0,4
F07A1V1,F07,Female,Angry,1,1
F07A2V1,F07,Female,Angry,2,1
F07A3V1,F07,Female,Angry,3,1
F07A4V1,F07,Female,Angry,4,1
F07A5V1,F07,Female,Angry,5,1
F07D0V1,F07,Female,Disgust,0,1
F07D0V2,F07,Female,Disgust,0,2
F07D1V1,F07,Female,Disgust,1,1
F07D1V2,F07,Female,Disgust,1,2
F07D1V3,F07,Female,Disgust,1,3
F07D2V1,F07,Female,Disgust,2,1
F07D2V2,F07,Female,Disgust,2,2
F07D2V3,F07,Female,Disgust,2,3
F07D3V1,F07,Female,Disgust,3,1
F07D3V2,F07,Female,Disgust,3,2
F07D4V1,F07,Female,Disgust,4,1
F07D5V1,F07,Female,Disgust,5,1
F07F0V1,F07,Female,Fearful,0,1
F07F1V1,F07,Female,Fearful,1,1
F07F1V2,F07,Female,Fearful,1,2
F07F2V1,F07,Female,Fearful,2,1
F07F2V2,F07,Female,Fearful,2,2
F07F3V1,F07,Female,Fearful,3,1
F07F4V1,F07,Female,Fearful,4,1
F07F4V2,F07,Female,Fearful,4,2
F07F5V1,F07,Female,Fearful,5,1
F07F5V2,F07,Female,Fearful,5,2
F07H0V1,F07,Female,Happy,0,1
F07H1V1,F07,Female,Happy,1,1
F07H2V1,F07,Female,Happy,2,1
F07H3V1,F07,Female,Happy,3,1
F07H4V1,F07,Female,Happy,4,1
F07H5V1,F07,Female,Happy,5,1
F07N1V1,F07,Female,Neutral,1,1
F07N1V2,F07,Female,Neutral,1,2
F07N2V1,F07,Female,Neutral,2,1
F07N3V1,F07,Female,Neutral,3,1
F07N4V1,F07,Female,Neutral,4,1
F07N4V2,F07,Female,Neutral,4,2
F07N5V1,F07,Female,Neutral,5,1
F07SA0V1,F07,Female,Sad,0,1
F07SA1V1,F07,Female,Sad,1,1
F07SA1V2,F07,Female,Sad,1,2
F07SA2V1,F07,Female,Sad,2,1
F07SA3V1,F07,Female,Sad,3,1
F07SA3V2,F07,Female,Sad,3,2
F07SA3V3,F07,Female,Sad,3,3
F07SA4V1,F07,Female,Sad,4,1
F07SA5V1,F07,Female,Sad,5,1
F07SU0V1,F07,Female,Surprise,0,1
F07SU0V2,F07,Female,Surprise,0,2
F07SU1V1,F07,Female,Surprise,1,1
F07SU1V2,F07,Female,Surprise,1,2
F07SU2V1,F07,Female,Surprise,2,1
F07SU2V2,F07,Female,Surprise,2,2
F07SU3V1,F07,Female,Surprise,3,1
F07SU3V2,F07,Female,Surprise,3,2
F07SU4V1,F07,Female,Surprise,4,1
F07SU5V1,F07,Female,Surprise,5,1
F08A0V1,F08,Female,Angry,0,1
F08A0V2,F08,Female,Angry,0,2
F08A1V1,F08,Female,Angry,1,1
F08A2V1,F08,Female,Angry,2,1
F08A3V1,F08,Female,Angry,3,1
F08A4V1,F08,Female,Angry,4,1
F08A4V2,F08,Female,Angry,4,2
F08A5V1,F08,Female,Angry,5,1
F08A5V2,F08,Female,Angry,5,2
F08D0V1,F08,Female,Disgust,0,1
F08D1V1,F08,Female,Disgust,1,1
F08D2V1,F08,Female,Disgust,2,1
F08D3V1,F08,Female,Disgust,3,1
F08D3V2,F08,Female,Disgust,3,2
F08D4V1,F08,Female,Disgust,4,1
F08D4V2,F08,Female,Disgust,4,2
F08D5V1,F08,Female,Disgust,5,1
F08F0V1,F08,Female,Fearful,0,1
F08F1V1,F08,Female,Fearful,1,1
F08F1V2,F08,Female,Fearful,1,2
F08F2V1,F08,Female,Fearful,2,1
F08F3V1,F08,Female,Fearful,3,1
F08F4V1,F08,Female,Fearful,4,1
F08F4V2,F08,Female,Fearful,4,2
F08F5V1,F08,Female,Fearful,5,1
F08F5V2,F08,Female,Fearful,5,2
F08H0V1,F08,Female,Happy,0,1
F08H0V2,F08,Female,Happy,0,2
F08H0V3,F08,Female,Happy,0,3
F08H1V1,F08,Female,Happy,1,1
F08H1V2,F08,Female,Happy,1,2
F08H1V3,F08,Female,Happy,1,3
F08H1V4,F08,Female,Happy,1,4
F08H2V1,F08,Female,Happy,2,1
F08H2V2,F08,Female,Happy,2,2
F08H3V1,F08,Female,Happy,3,1
F08H3V2,F08,Female,Happy,3,2
F08H4V1,F08,Female,Happy,4,1
F08H5V1,F08,Female,Happy,5,1
F08H5V2,F08,Female,Happy,5,2
F08N1V1,F08,Female,Neutral,1,1
F08N1V2,F08,Female,Neutral,1,2
F08N2V1,F08,Female,Neutral,2,1
F08N3V1,F08,Female,Neutral,3,1
F08N4V1,F08,Female,Neutral,4,1
F08N4V2,F08,Female,Neutral,4,2
F08N5V1,F08,Female,Neutral,5,1
F08SA0V1,F08,Female,Sad,0,1
F08SA0V2,F08,Female,Sad,0,2
F08SA0V3,F08,Female,Sad,0,3
F08SA1V1,F08,Female,Sad,1,1
F08SA2V1,F08,Female,Sad,2,1
F08SA3V1,F08,Female,Sad,3,1
F08SA3V2,F08,Female,Sad,3,2
F08SA4V1,F08,Female,Sad,4,1
F08SA4V2,F08,Female,Sad,4,2
F08SA5V1,F08,Female,Sad,5,1
F08SU0V1,F08,Female,Surprise,0,1
F08SU1V1,F08,Female,Surprise,1,1
F08SU2V1,F08,Female,Surprise,2,1
F08SU2V2,F08,Female,Surprise,2,2
F08SU3V1,F08,Female,Surprise,3,1
F08SU4V1,F08,Female,Surprise,4,1
F08SU4V2,F08,Female,Surprise,4,2
F08SU5V1,F08,Female,Surprise,5,1
F08SU5V2,F08,Female,Surprise,5,2
F09A0V1,F09,Female,Angry,0,1
F09A0V2,F09,Female,Angry,0,2
F09A1V1,F09,Female,Angry,1,1
F09A1V2,F09,Female,Angry,1,2
F09A2V1,F09,Female,Angry,2,1
F09A2V2,F09,Female,Angry,2,2
F09A3V1,F09,Female,Angry,3,1
F09A3V2,F09,Female,Angry,3,2
F09A4V1,F09,Female,Angry,4,1
F09A5V1,F09,Female,Angry,5,1
F09D0V2,F09,Female,Disgust,0,2
F09D0V3,F09,Female,Disgust,0,3
F09D1V1,F09,Female,Disgust,1,1
F09D1V2,F09,Female,Disgust,1,2
F09D2V1,F09,Female,Disgust,2,1
F09D2V2,F09,Female,Disgust,2,2
F09D2V3,F09,Female,Disgust,2,3
F09D3V1,F09,Female,Disgust,3,1
F09D3V2,F09,Female,Disgust,3,2
F09D4V1,F09,Female,Disgust,4,1
F09D5V1,F09,Female,Disgust,5,1
F09F0V1,F09,Female,Fearful,0,1
F09F0V2,F09,Female,Fearful,0,2
F09F0V3,F09,Female,Fearful,0,3
F09F1V1,F09,Female,Fearful,1,1
F09F1V2,F09,Female,Fearful,1,2
F09F2V1,F09,Female,Fearful,2,1
F09F3V1,F09,Female,Fearful,3,1
F09F4V1,F09,Female,Fearful,4,1
F09F5V1,F09,Female,Fearful,5,1
F09H0V1,F09,Female,Happy,0,1
F09H1V1,F09,Female,Happy,1,1
F09H2V1,F09,Female,Happy,2,1
F09H3V1,F09,Female,Happy,3,1
F09H3V2,F09,Female,Happy,3,2
F09H3V3,F09,Female,Happy,3,3
F09H4V1,F09,Female,Happy,4,1
F09H5V1,F09,Female,Happy,5,1
F09N1V1,F09,Female,Neutral,1,1
F09N1V2,F09,Female,Neutral,1,2
F09N2V1,F09,Female,Neutral,2,1
F09N2V2,F09,Female,Neutral,2,2
F09N3V1,F09,Female,Neutral,3,1
F09N3V2,F09,Female,Neutral,3,2
F09N3V3,F09,Female,Neutral,3,3
F09N4V1,F09,Female,Neutral,4,1
F09N5V1,F09,Female,Neutral,5,1
F09SA0V1,F09,Female,Sad,0,1
F09SA1V1,F09,Female,Sad,1,1
F09SA1V2,F09,Female,Sad,1,2
F09SA1V3,F09,Female,Sad,1,3
F09SA2V1,F09,Female,Sad,2,1
F09SA2V2,F09,Female,Sad,2,2
F09SA3V1,F09,Female,Sad,3,1
F09SA3V2,F09,Female,Sad,3,2
F09SA4V1,F09,Female,Sad,4,1
F09SA5V1,F09,Female,Sad,5,1
F09SA5V2,F09,Female,Sad,5,2
F09SU0V1,F09,Female,Surprise,0,1
F09SU1V1,F09,Female,Surprise,1,1
F09SU1V2,F09,Female,Surprise,1,2
F09SU2V1,F09,Female,Surprise,2,1
F09SU3V1,F09,Female,Surprise,3,1
F09SU3V2,F09,Female,Surprise,3,2
F09SU3V3,F09,Female,Surprise,3,3
F09SU3V4,F09,Female,Surprise,3,4
F09SU4V1,F09,Female,Surprise,4,1
F09SU5V1,F09,Female,Surprise,5,1
F09SU5V2,F09,Female,Surprise,5,2
F10A0V1,F10,Female,Angry,0,1
F10A0V2,F10,Female,Angry,0,2
F10A0V3,F10,Female,Angry,0,3
F10A1V1,F10,Female,Angry,1,1
F10A1V2,F10,Female,Angry,1,2
F10A2V1,F10,Female,Angry,2,1
F10A2V2,F10,Female,Angry,2,2
F10A3V1,F10,Female,Angry,3,1
F10A3V2,F10,Female,Angry,3,2
F10A4V1,F10,Female,Angry,4,1
F10A4V2,F10,Female,Angry,4,2
F10A5V1,F10,Female,Angry,5,1
F10D0V1,F10,Female,Disgust,0,1
F10D1V1,F10,Female,Disgust,1,1
F10D1V2,F10,Female,Disgust,1,2
F10D2V1,F10,Female,Disgust,2,1
F10D3V1,F10,Female,Disgust,3,1
F10D3V2,F10,Female,Disgust,3,2
F10D4V1,F10,Female,Disgust,4,1
F10D5V1,F10,Female,Disgust,5,1
F10F0V1,F10,Female,Fearful,0,1
F10F0V2,F10,Female,Fearful,0,2
F10F1V1,F10,Female,Fearful,1,1
F10F2V1,F10,Female,Fearful,2,1
F10F3V1,F10,Female,Fearful,3,1
F10F3V2,F10,Female,Fearful,3,2
F10F4V1,F10,Female,Fearful,4,1
F10F4V2,F10,Female,Fearful,4,2
F10F5V1,F10,Female,Fearful,5,1
F10F5V2,F10,Female,Fearful,5,2
F10H0V1,F10,Female,Happy,0,1
F10H0V2,F10,Female,Happy,0,2
F10H0V3,F10,Female,Happy,0,3
F10H1V1,F10,Female,Happy,1,1
F10H1V2,F10,Female,Happy,1,2
F10H2V1,F10,Female,Happy,2,1
F10H3V1,F10,Female,Happy,3,1
F10H3V2,F10,Female,Happy,3,2
F10H4V1,F10,Female,Happy,4,1
F10H5V1,F10,Female,Happy,5,1
F10H5V2,F10,Female,Happy,5,2
F10N1V1,F10,Female,Neutral,1,1
F10N2V1,F10,Female,Neutral,2,1
F10N3V1,F10,Female,Neutral,3,1
F10N4V1,F10,Female,Neutral,4,1
F10N5V1,F10,Female,Neutral,5,1
F10SA0V1,F10,Female,Sad,0,1
F10SA0V2,F10,Female,Sad,0,2
F10SA1V1,F10,Female,Sad,1,1
F10SA2V1,F10,Female,Sad,2,1
F10SA2V2,F10,Female,Sad,2,2
F10SA2V3,F10,Female,Sad,2,3
F10SA3V1,F10,Female,Sad,3,1
F10SA4V1,F10,Female,Sad,4,1
F10SA4V2,F10,Female,Sad,4,2
F10SA5V1,F10,Female,Sad,5,1
F10SU0V1,F10,Female,Surprise,0,1
F10SU0V2,F10,Female,Surprise,0,2
F10SU1V1,F10,Female,Surprise,1,1
F10SU2V1,F10,Female,Surprise,2,1
F10SU3V1,F10,Female,Surprise,3,1
F10SU3V2,F10,Female,Surprise,3,2
F10SU3V3,F10,Female,Surprise,3,3
F10SU4V1,F10,Female,Surprise,4,1
F10SU4V2,F10,Female,Surprise,4,2
F10SU5V1,F10,Female,Surprise,5,1
F11A0V1,F11,Female,Angry,0,1
F11A0V2,F11,Female,Angry,0,2
F11A1V1,F11,Female,Angry,1,1
F11A1V2,F11,Female,Angry,1,2
F11A2V1,F11,Female,Angry,2,1
F11A3V1,F11,Female,Angry,3,1
F11A3V2,F11,Female,Angry,3,2
F11A4V1,F11,Female,Angry,4,1
F11A4V2,F11,Female,Angry,4,2
F11A5V1,F11,Female,Angry,5,1
F11D0V1,F11,Female,Disgust,0,1
F11D0V2,F11,Female,Disgust,0,2
F11D1V1,F11,Female,Disgust,1,1
F11D2V1,F11,Female,Disgust,2,1
F11D2V2,F11,Female,Disgust,2,2
F11D3V1,F11,Female,Disgust,3,1
F11D4V1,F11,Female,Disgust,4,1
F11D5V1,F11,Female,Disgust,5,1
F11D5V2,F11,Female,Disgust,5,2
F11F0V1,F11,Female,Fearful,0,1
F11F0V2,F11,Female,Fearful,0,2
F11F0V3,F11,Female,Fearful,0,3
F11F1V1,F11,Female,Fearful,1,1
F11F1V2,F11,Female,Fearful,1,2
F11F2V1,F11,Female,Fearful,2,1
F11F3V1,F11,Female,Fearful,3,1
F11F4V1,F11,Female,Fearful,4,1
F11F4V2,F11,Female,Fearful,4,2
F11F5V1,F11,Female,Fearful,5,1
F11H0V1,F11,Female,Happy,0,1
F11H1V1,F11,Female,Happy,1,1
F11H1V2,F11,Female,Happy,1,2
F11H2V1,F11,Female,Happy,2,1
F11H3V1,F11,Female,Happy,3,1
F11H4V1,F11,Female,Happy,4,1
F11H5V1,F11,Female,Happy,5,1
F11N1V1,F11,Female,Neutral,1,1
F11N1V2,F11,Female,Neutral,1,2
F11N1V3,F11,Female,Neutral,1,3
F11N2V1,F11,Female,Neutral,2,1
F11N3V1,F11,Female,Neutral,3,1
F11N4V1,F11,Female,Neutral,4,1
F11N5V1,F11,Female,Neutral,5,1
F11SA0V1,F11,Female,Sad,0,1
F11SA1V1,F11,Female,Sad,1,1
F11SA2V1,F11,Female,Sad,2,1
F11SA3V1,F11,Female,Sad,3,1
F11SA3V2,F11,Female,Sad,3,2
F11SA4V1,F11,Female,Sad,4,1
F11SA4V2,F11,Female,Sad,4,2
F11SA5V1,F11,Female,Sad,5,1
F11SU0V1,F11,Female,Surprise,0,1
F11SU1V1,F11,Female,Surprise,1,1
F11SU1V2,F11,Female,Surprise,1,2
F11SU2V1,F11,Female,Surprise,2,1
F11SU3V1,F11,Female,Surprise,3,1
F11SU3V2,F11,Female,Surprise,3,2
F11SU4V1,F11,Female,Surprise,4,1
F11SU4V2,F11,Female,Surprise,4,2
F11SU5V1,F11,Female,Surprise,5,1
F12A0V1,F12,Female,Angry,0,1
F12A1V1,F12,Female,Angry,1,1
F12A2V1,F12,Female,Angry,2,1
F12A3V1,F12,Female,Angry,3,1
F12A4V1,F12,Female,Angry,4,1
F12A4V2,F12,Female,Angry,4,2
F12A5V1,F12,Female,Angry,5,1
F12D0V1,F12,Female,Disgust,0,1
F12D0V2,F12,Female,Disgust,0,2
F12D1V1,F12,Female,Disgust,1,1
F12D2V1,F12,Female,Disgust,2,1
F12D3V1,F12,Female,Disgust,3,1
F12D3V2,F12,Female,Disgust,3,2
F12D4V1,F12,Female,Disgust,4,1
F12D4V2,F12,Female,Disgust,4,2
F12D5V1,F12,Female,Disgust,5,1
F12F0V1,F12,Female,Fearful,0,1
F12F1V1,F12,Female,Fearful,1,1
F12F2V1,F12,Female,Fearful,2,1
F12F3V1,F12,Female,Fearful,3,1
F12F4V1,F12,Female,Fearful,4,1
F12F5V1,F12,Female,Fearful,5,1
F12H0V1,F12,Female,Happy,0,1
F12H0V2,F12,Female,Happy,0,2
F12H0V3,F12,Female,Happy,0,3
F12H1V1,F12,Female,Happy,1,1
F12H2V1,F12,Female,Happy,2,1
F12H3V1,F12,Female,Happy,3,1
F12H4V1,F12,Female,Happy,4,1
F12H5V1,F12,Female,Happy,5,1
F12N1V1,F12,Female,Neutral,1,1
F12N2V1,F12,Female,Neutral,2,1
F12N3V1,F12,Female,Neutral,3,1
F12N4V1,F12,Female,Neutral,4,1
F12N5V1,F12,Female,Neutral,5,1
F12SA0V1,F12,Female,Sad,0,1
F12SA1V1,F12,Female,Sad,1,1
F12SA2V1,F12,Female,Sad,2,1
F12SA3V1,F12,Female,Sad,3,1
F12SA3V2,F12,Female,Sad,3,2
F12SA4V1,F12,Female,Sad,4,1
F12SA5V1,F12,Female,Sad,5,1
F12SU0V1,F12,Female,Surprise,0,1
F12SU1V1,F12,Female,Surprise,1,1
F12SU2V1,F12,Female,Surprise,2,1
F12SU3V1,F12,Female,Surprise,3,1
F12SU4V1,F12,Female,Surprise,4,1
F12SU5V1,F12,Female,Surprise,5,1
M01A0V1,M01,Male,Angry,0,1
M01A1V1,M01,Male,Angry,1,1
M01A1V2,M01,Male,Angry,1,2
M01A1V3,M01,Male,Angry,1,3
M01A2V1,M01,Male,Angry,2,1
M01A2V2,M01,Male,Angry,2,2
M01A3V1,M01,Male,Angry,3,1
M01A3V2,M01,Male,Angry,3,2
M01A4V1,M01,Male,Angry,4,1
M01A5V1,M01,Male,Angry,5,1
M01D0V1,M01,Male,Disgust,0,1
M01D0V2,M01,Male,Disgust,0,2
M01D1V1,M01,Male,Disgust,1,1
M01D1V2,M01,Male,Disgust,1,2
M01D1V3,M01,Male,Disgust,1,3
M01D2V1,M01,Male,Disgust,2,1
M01D2V2,M01,Male,Disgust,2,2
M01D3V1,M01,Male,Disgust,3,1
M01D3V2,M01,Male,Disgust,3,2
M01D3V3,M01,Male,Disgust,3,3
M01D3V4,M01,Male,Disgust,3,4
M01D4V1,M01,Male,Disgust,4,1
M01D5V1,M01,Male,Disgust,5,1
M01D5V2,M01,Male,Disgust,5,2
M01F0V1,M01,Male,Fearful,0,1
M01F1V1,M01,Male,Fearful,1,1
M01F1V2,M01,Male,Fearful,1,2
M01F1V3,M01,Male,Fearful,1,3
M01F2V1,M01,Male,Fearful,2,1
M01F2V2,M01,Male,Fearful,2,2
M01F3V1,M01,Male,Fearful,3,1
M01F4V1,M01,Male,Fearful,4,1
M01F4V2,M01,Male,Fearful,4,2
M01F4V3,M01,Male,Fearful,4,3
M01F5V1,M01,Male,Fearful,5,1
M01F5V2,M01,Male,Fearful,5,2
M01H0V1,M01,Male,Happy,0,1
M01H0V2,M01,Male,Happy,0,2
M01H0V3,M01,Male,Happy,0,3
M01H1V1,M01,Male,Happy,1,1
M01H2V1,M01,Male,Happy,2,1
M01H3V1,M01,Male,Happy,3,1
M01H4V1,M01,Male,Happy,4,1
M01H5V1,M01,Male,Happy,5,1
M01N0V1,M01,Male,Neutral,0,1
M01N1V1,M01,Male,Neutral,1,1
M01N1V2,M01,Male,Neutral,1,2
M01N2V1,M01,Male,Neutral,2,1
M01N2V2,M01,Male,Neutral,2,2
M01N3V1,M01,Male,Neutral,3,1
M01N4V1,M01,Male,Neutral,4,1
M01N5V1,M01,Male,Neutral,5,1
M01SA0V1,M01,Male,Sad,0,1
M01SA0V2,M01,Male,Sad,0,2
M01SA0V3,M01,Male,Sad,0,3
M01SA1V1,M01,Male,Sad,1,1
M01SA1V2,M01,Male,Sad,1,2
M01SA2V1,M01,Male,Sad,2,1
M01SA2V2,M01,Male,Sad,2,2
M01SA3V1,M01,Male,Sad,3,1
M01SA4V1,M01,Male,Sad,4,1
M01SA4V2,M01,Male,Sad,4,2
M01SA5V1,M01,Male,Sad,5,1
M01SA5V2,M01,Male,Sad,5,2
M01SU0V1,M01,Male,Surprise,0,1
M01SU0V2,M01,Male,Surprise,0,2
M01SU1V1,M01,Male,Surprise,1,1
M01SU2V1,M01,Male,Surprise,2,1
M01SU2V2,M01,Male,Surprise,2,2
M01SU3V1,M01,Male,Surprise,3,1
M01SU3V2,M01,Male,Surprise,3,2
M01SU4V1,M01,Male,Surprise,4,1
M01SU4V2,M01,Male,Surprise,4,2
M01SU5V1,M01,Male,Surprise,5,1
M02A0V1,M02,Male,Angry,0,1
M02A0V2,M02,Male,Angry,0,2
M02A1V1,M02,Male,Angry,1,1
M02A2V1,M02,Male,Angry,2,1
M02A3V1,M02,Male,Angry,3,1
M02A4V1,M02,Male,Angry,4,1
M02A4V2,M02,Male,Angry,4,2
M02A5V1,M02,Male,Angry,5,1
M02A5V2,M02,Male,Angry,5,2
M02A5V3,M02,Male,Angry,5,3
M02A5V4,M02,Male,Angry,5,4
M02D0V1,M02,Male,Disgust,0,1
M02D0V2,M02,Male,Disgust,0,2
M02D1V1,M02,Male,Disgust,1,1
M02D2V1,M02,Male,Disgust,2,1
M02D2V2,M02,Male,Disgust,2,2
M02D3V1,M02,Male,Disgust,3,1
M02D3V2,M02,Male,Disgust,3,2
M02D4V1,M02,Male,Disgust,4,1
M02D5V1,M02,Male,Disgust,5,1
M02F0V1,M02,Male,Fearful,0,1
M02F0V2,M02,Male,Fearful,0,2
M02F1V1,M02,Male,Fearful,1,1
M02F2V1,M02,Male,Fearful,2,1
M02F3V1,M02,Male,Fearful,3,1
M02F4V1,M02,Male,Fearful,4,1
M02F4V2,M02,Male,Fearful,4,2
M02F5V1,M02,Male,Fearful,5,1
M02H0V1,M02,Male,Happy,0,1
M02H0V2,M02,Male,Happy,0,2
M02H1V1,M02,Male,Happy,1,1
M02H1V2,M02,Male,Happy,1,2
M02H1V3,M02,Male,Happy,1,3
M02H2V1,M02,Male,Happy,2,1
M02H3V1,M02,Male,Happy,3,1
M02H4V1,M02,Male,Happy,4,1
M02H5V1,M02,Male,Happy,5,1
M02N1V1,M02,Male,Neutral,1,1
M02N1V2,M02,Male,Neutral,1,2
M02N2V1,M02,Male,Neutral,2,1
M02N3V1,M02,Male,Neutral,3,1
M02N4V1,M02,Male,Neutral,4,1
M02N5V1,M02,Male,Neutral,5,1
M02SA0V1,M02,Male,Sad,0,1
M02SA1V1,M02,Male,Sad,1,1
M02SA1V2,M02,Male,Sad,1,2
M02SA2V1,M02,Male,Sad,2,1
M02SA2V2,M02,Male,Sad,2,2
M02SA3V1,M02,Male,Sad,3,1
M02SA4V1,M02,Male,Sad,4,1
M02SA5V1,M02,Male,Sad,5,1
M02SA5V2,M02,Male,Sad,5,2
M02SU0V1,M02,Male,Surprise,0,1
M02SU0V2,M02,Male,Surprise,0,2
M02SU1V1,M02,Male,Surprise,1,1
M02SU2V1,M02,Male,Surprise,2,1
M02SU3V1,M02,Male,Surprise,3,1
M02SU4V1,M02,Male,Surprise,4,1
M02SU5V1,M02,Male,Surprise,5,1
M03A0V1,M03,Male,Angry,0,1
M03A0V2,M03,Male,Angry,0,2
M03A0V3,M03,Male,Angry,0,3
M03A1V1,M03,Male,Angry,1,1
M03A2V1,M03,Male,Angry,2,1
M03A3V1,M03,Male,Angry,3,1
M03A4V1,M03,Male,Angry,4,1
M03A5V1,M03,Male,Angry,5,1
M03D0V1,M03,Male,Disgust,0,1
M03D0V2,M03,Male,Disgust,0,2
M03D1V1,M03,Male,Disgust,1,1
M03D1V2,M03,Male,Disgust,1,2
M03D2V1,M03,Male,Disgust,2,1
M03D3V1,M03,Male,Disgust,3,1
M03D3V2,M03,Male,Disgust,3,2
M03D3V3,M03,Male,Disgust,3,3
M03D3V4,M03,Male,Disgust,3,4
M03D4V1,M03,Male,Disgust,4,1
M03D5V1,M03,Male,Disgust,5,1
M03D5V2,M03,Male,Disgust,5,2
M03F0V1,M03,Male,Fearful,0,1
M03F0V2,M03,Male,Fearful,0,2
M03F1V1,M03,Male,Fearful,1,1
M03F2V1,M03,Male,Fearful,2,1
M03F3V1,M03,Male,Fearful,3,1
M03F4V1,M03,Male,Fearful,4,1
M03F4V2,M03,Male,Fearful,4,2
M03F5V1,M03,Male,Fearful,5,1
M03H0V1,M03,Male,Happy,0,1
M03H0V2,M03,Male,Happy,0,2
M03H0V3,M03,Male,Happy,0,3
M03H0V4,M03,Male,Happy,0,4
M03H1V1,M03,Male,Happy,1,1
M03H2V1,M03,Male,Happy,2,1
M03H3V1,M03,Male,Happy,3,1
M03H4V1,M03,Male,Happy,4,1
M03H5V1,M03,Male,Happy,5,1
M03N1V1,M03,Male,Neutral,1,1
M03N2V1,M03,Male,Neutral,2,1
M03N3V1,M03,Male,Neutral,3,1
M03N3V2,M03,Male,Neutral,3,2
M03N4V1,M03,Male,Neutral,4,1
M03N5V1,M03,Male,Neutral,5,1
M03SA0V1,M03,Male,Sad,0,1
M03SA1V1,M03,Male,Sad,1,1
M03SA2V1,M03,Male,Sad,2,1
M03SA2V2,M03,Male,Sad,2,2
M03SA3V1,M03,Male,Sad,3,1
M03SA4V1,M03,Male,Sad,4,1
M03SA4V2,M03,Male,Sad,4,2
M03SA5V1,M03,Male,Sad,5,1
M03SU0V1,M03,Male,Surprise,0,1
M03SU0V2,M03,Male,Surprise,0,2
M03SU1V1,M03,Male,Surprise,1,1
M03SU2V1,M03,Male,Surprise,2,1
M03SU2V2,M03,Male,Surprise,2,2
M03SU3V1,M03,Male,Surprise,3,1
M03SU3V2,M03,Male,Surprise,3,2
M03SU3V3,M03,Male,Surprise,3,3
M03SU4V1,M03,Male,Surprise,4,1
M03SU5V1,M03,Male,Surprise,5,1
M03SU5V2,M03,Male,Surprise,5,2
M04A0V1,M04,Male,Angry,0,1
M04A0V2,M04,Male,Angry,0,2
M04A0V3,M04,Male,Angry,0,3
M04A1V1,M04,Male,Angry,1,1
M04A1V2,M04,Male,Angry,1,2
M04A2V1,M04,Male,Angry,2,1
M04A3V1,M04,Male,Angry,3,1
M04A3V2,M04,Male,Angry,3,2
M04A3V3,M04,Male,Angry,3,3
M04A4V1,M04,Male,Angry,4,1
M04A4V2,M04,Male,Angry,4,2
M04A5V1,M04,Male,Angry,5,1
M04D0V1,M04,Male,Disgust,0,1
M04D1V1,M04,Male,Disgust,1,1
M04D1V2,M04,Male,Disgust,1,2
M04D2V1,M04,Male,Disgust,2,1
M04D2V2,M04,Male,Disgust,2,2
M04D3V1,M04,Male,Disgust,3,1
M04D3V2,M04,Male,Disgust,3,2
M04D4V1,M04,Male,Disgust,4,1
M04D4V2,M04,Male,Disgust,4,2
M04D5V1,M04,Male,Disgust,5,1
M04D5V2,M04,Male,Disgust,5,2
M04F0V1,M04,Male,Fearful,0,1
M04F1V1,M04,Male,Fearful,1,1
M04F1V2,M04,Male,Fearful,1,2
M04F1V3,M04,Male,Fearful,1,3
M04F1V4,M04,Male,Fearful,1,4
M04F2V1,M04,Male,Fearful,2,1
M04F2V2,M04,Male,Fearful,2,2
M04F3V1,M04,Male,Fearful,3,1
M04F3V2,M04,Male,Fearful,3,2
M04F4V1,M04,Male,Fearful,4,1
M04F4V3,M04,Male,Fearful,4,3
M04F5V1,M04,Male,Fearful,5,1
M04H0V1,M04,Male,Happy,0,1
M04H0V2,M04,Male,Happy,0,2
M04H0V3,M04,Male,Happy,0,3
M04H0V4,M04,Male,Happy,0,4
M04H1V1,M04,Male,Happy,1,1
M04H1V2,M04,Male,Happy,1,2
M04H2V1,M04,Male,Happy,2,1
M04H2V2,M04,Male,Happy,2,2
M04H2V3,M04,Male,Happy,2,3
M04H3V1,M04,Male,Happy,3,1
M04H3V2,M04,Male,Happy,3,2
M04H3V3,M04,Male,Happy,3,3
M04H4V1,M04,Male,Happy,4,1
M04H4V2,M04,Male,Happy,4,2
M04H4V3,M04,Male,Happy,4,3
M04H4V4,M04,Male,Happy,4,4
M04H4V5,M04,Male,Happy,4,5
M04H4V6,M04,Male,Happy,4,6
M04H5V1,M04,Male,Happy,5,1
M04H5V2,M04,Male,Happy,5,2
M04N1V1,M04,Male,Neutral,1,1
M04N2V1,M04,Male,Neutral,2,1
M04N3V1,M04,Male,Neutral,3,1
M04N3V2,M04,Male,Neutral,3,2
M04N4V1,M04,Male,Neutral,4,1
M04N5V1,M04,Male,Neutral,5,1
M04N5V2,M04,Male,Neutral,5,2
M04SA0V1,M04,Male,Sad,0,1
M04SA1V1,M04,Male,Sad,1,1
M04SA1V2,M04,Male,Sad,1,2
M04SA1V3,M04,Male,Sad,1,3
M04SA2V1,M04,Male,Sad,2,1
M04SA2V2,M04,Male,Sad,2,2
M04SA3V1,M04,Male,Sad,3,1
M04SA4V1,M04,Male,Sad,4,1
M04SA5V1,M04,Male,Sad,5,1
M04SA5V2,M04,Male,Sad,5,2
M04SU0V1,M04,Male,Surprise,0,1
M04SU0V2,M04,Male,Surprise,0,2
M04SU0V3,M04,Male,Surprise,0,3
M04SU1V1,M04,Male,Surprise,1,1
M04SU2V1,M04,Male,Surprise,2,1
M04SU2V2,M04,Male,Surprise,2,2
M04SU3V1,M04,Male,Surprise,3,1
M04SU3V2,M04,Male,Surprise,3,2
M04SU3V3,M04,Male,Surprise,3,3
M04SU4V1,M04,Male,Surprise,4,1
M04SU5V1,M04,Male,Surprise,5,1
M05A0V1,M05,Male,Angry,0,1
M05A1V1,M05,Male,Angry,1,1
M05A1V2,M05,Male,Angry,1,2
M05A2V1,M05,Male,Angry,2,1
M05A2V2,M05,Male,Angry,2,2
M05A3V1,M05,Male,Angry,3,1
M05A4V1,M05,Male,Angry,4,1
M05A5V1,M05,Male,Angry,5,1
M05A5V2,M05,Male,Angry,5,2
M05D0V1,M05,Male,Disgust,0,1
M05D1V1,M05,Male,Disgust,1,1
M05D1V2,M05,Male,Disgust,1,2
M05D2V1,M05,Male,Disgust,2,1
M05D3V1,M05,Male,Disgust,3,1
M05D4V1,M05,Male,Disgust,4,1
M05D4V2,M05,Male,Disgust,4,2
M05D5V1,M05,Male,Disgust,5,1
M05D5V2,M05,Male,Disgust,5,2
M05F0V1,M05,Male,Fearful,0,1
M05F0V2,M05,Male,Fearful,0,2
M05F0V3,M05,Male,Fearful,0,3
M05F1V1,M05,Male,Fearful,1,1
M05F2V1,M05,Male,Fearful,2,1
M05F3V1,M05,Male,Fearful,3,1
M05F4V1,M05,Male,Fearful,4,1
M05F4V2,M05,Male,Fearful,4,2
M05F5V1,M05,Male,Fearful,5,1
M05H0V1,M05,Male,Happy,0,1
M05H0V2,M05,Male,Happy,0,2
M05H0V3,M05,Male,Happy,0,3
M05H0V4,M05,Male,Happy,0,4
M05H0V5,M05,Male,Happy,0,5
M05H1V1,M05,Male,Happy,1,1
M05H1V2,M05,Male,Happy,1,2
M05H1V3,M05,Male,Happy,1,3
M05H2V1,M05,Male,Happy,2,1
M05H3V1,M05,Male,Happy,3,1
M05H3V2,M05,Male,Happy,3,2
M05H4V1,M05,Male,Happy,4,1
M05H5V1,M05,Male,Happy,5,1
M05N1V1,M05,Male,Neutral,1,1
M05N1V2,M05,Male,Neutral,1,2
M05N2V1,M05,Male,Neutral,2,1
M05N3V1,M05,Male,Neutral,3,1
M05N4V1,M05,Male,Neutral,4,1
M05N5V1,M05,Male,Neutral,5,1
M05SA0V1,M05,Male,Sad,0,1
M05SA1V1,M05,Male,Sad,1,1
M05SA1V2,M05,Male,Sad,1,2
M05SA2V1,M05,Male,Sad,2,1
M05SA3V1,M05,Male,Sad,3,1
M05SA3V2,M05,Male,Sad,3,2
M05SA3V3,M05,Male,Sad,3,3
M05SA4V1,M05,Male,Sad,4,1
M05SA4V2,M05,Male,Sad,4,2
M05SA5V1,M05,Male,Sad,5,1
M05SU0V1,M05,Male,Surprise,0,1
M05SU1V1,M05,Male,Surprise,1,1
M05SU2V1,M05,Male,Surprise,2,1
M05SU2V2,M05,Male,Surprise,2,2
M05SU3V1,M05,Male,Surprise,3,1
M05SU3V2,M05,Male,Surprise,3,2
M05SU4V1,M05,Male,Surprise,4,1
M05SU4V2,M05,Male,Surprise,4,2
M05SU5V1,M05,Male,Surprise,5,1
M05SU5V2,M05,Male,Surprise,5,2
M06A0V1,M06,Male,Angry,0,1
M06A1V1,M06,Male,Angry,1,1
M06A2V1,M06,Male,Angry,2,1
M06A2V2,M06,Male,Angry,2,2
M06A3V1,M06,Male,Angry,3,1
M06A4V1,M06,Male,Angry,4,1
M06A4V2,M06,Male,Angry,4,2
M06A5V1,M06,Male,Angry,5,1
M06D0V1,M06,Male,Disgust,0,1
M06D1V1,M06,Male,Disgust,1,1
M06D1V2,M06,Male,Disgust,1,2
M06D2V1,M06,Male,Disgust,2,1
M06D2V2,M06,Male,Disgust,2,2
M06D3V1,M06,Male,Disgust,3,1
M06D4V1,M06,Male,Disgust,4,1
M06D5V1,M06,Male,Disgust,5,1
M06F0V1,M06,Male,Fearful,0,1
M06F0V2,M06,Male,Fearful,0,2
M06F1V1,M06,Male,Fearful,1,1
M06F2V1,M06,Male,Fearful,2,1
M06F3V1,M06,Male,Fearful,3,1
M06F3V2,M06,Male,Fearful,3,2
M06F4V1,M06,Male,Fearful,4,1
M06F4V2,M06,Male,Fearful,4,2
M06F5V1,M06,Male,Fearful,5,1
M06F5V2,M06,Male,Fearful,5,2
M06H0V1,M06,Male,Happy,0,1
M06H0V2,M06,Male,Happy,0,2
M06H1V1,M06,Male,Happy,1,1
M06H2V1,M06,Male,Happy,2,1
M06H3V1,M06,Male,Happy,3,1
M06H4V1,M06,Male,Happy,4,1
M06H4V2,M06,Male,Happy,4,2
M06H4V3,M06,Male,Happy,4,3
M06H5V1,M06,Male,Happy,5,1
M06H5V2,M06,Male,Happy,5,2
M06N1V2,M06,Male,Neutral,1,2
M06N2V1,M06,Male,Neutral,2,1
M06N3V1,M06,Male,Neutral,3,1
M06N4V1,M06,Male,Neutral,4,1
M06N5V1,M06,Male,Neutral,5,1
M06SA0V1,M06,Male,Sad,0,1
M06SA0V2,M06,Male,Sad,0,2
M06SA1V1,M06,Male,Sad,1,1
M06SA1V2,M06,Male,Sad,1,2
M06SA2V1,M06,Male,Sad,2,1
M06SA3V1,M06,Male,Sad,3,1
M06SA4V1,M06,Male,Sad,4,1
M06SA5V1,M06,Male,Sad,5,1
M06SU0V1,M06,Male,Surprise,0,1
M06SU0V2,M06,Male,Surprise,0,2
M06SU1V2,M06,Male,Surprise,1,2
M06SU2V1,M06,Male,Surprise,2,1
M06SU2V2,M06,Male,Surprise,2,2
M06SU3V1,M06,Male,Surprise,3,1
M06SU4V1,M06,Male,Surprise,4,1
M06SU5V1,M06,Male,Surprise,5,1
M07A0V1,M07,Male,Angry,0,1
M07A1V1,M07,Male,Angry,1,1
M07A2V1,M07,Male,Angry,2,1
M07A3V1,M07,Male,Angry,3,1
M07A4V1,M07,Male,Angry,4,1
M07A5V1,M07,Male,Angry,5,1
M07D0V1,M07,Male,Disgust,0,1
M07D1V1,M07,Male,Disgust,1,1
M07D1V2,M07,Male,Disgust,1,2
M07D2V1,M07,Male,Disgust,2,1
M07D3V1,M07,Male,Disgust,3,1
M07D4V1,M07,Male,Disgust,4,1
M07D5V1,M07,Male,Disgust,5,1
M07F0V1,M07,Male,Fearful,0,1
M07F0V2,M07,Male,Fearful,0,2
M07F1V1,M07,Male,Fearful,1,1
M07F2V1,M07,Male,Fearful,2,1
M07F3V1,M07,Male,Fearful,3,1
M07F3V2,M07,Male,Fearful,3,2
M07F4V1,M07,Male,Fearful,4,1
M07F5V1,M07,Male,Fearful,5,1
M07H0V1,M07,Male,Happy,0,1
M07H0V2,M07,Male,Happy,0,2
M07H1V1,M07,Male,Happy,1,1
M07H1V2,M07,Male,Happy,1,2
M07H2V1,M07,Male,Happy,2,1
M07H3V1,M07,Male,Happy,3,1
M07H4V1,M07,Male,Happy,4,1
M07H4V2,M07,Male,Happy,4,2
M07H5V1,M07,Male,Happy,5,1
M07H5V2,M07,Male,Happy,5,2
M07N1V1,M07,Male,Neutral,1,1
M07N2V1,M07,Male,Neutral,2,1
M07N2V2,M07,Male,Neutral,2,2
M07N3V1,M07,Male,Neutral,3,1
M07N3V2,M07,Male,Neutral,3,2
M07N3V3,M07,Male,Neutral,3,3
M07N4V1,M07,Male,Neutral,4,1
M07N4V2,M07,Male,Neutral,4,2
M07N5V1,M07,Male,Neutral,5,1
M07SA0V1,M07,Male,Sad,0,1
M07SA1V1,M07,Male,Sad,1,1
M07SA2V1,M07,Male,Sad,2,1
M07SA2V2,M07,Male,Sad,2,2
M07SA3V1,M07,Male,Sad,3,1
M07SA3V2,M07,Male,Sad,3,2
M07SA4V1,M07,Male,Sad,4,1
M07SA5V1,M07,Male,Sad,5,1
M07SU0V1,M07,Male,Surprise,0,1
M07SU1V1,M07,Male,Surprise,1,1
M07SU2V1,M07,Male,Surprise,2,1
M07SU3V1,M07,Male,Surprise,3,1
M07SU4V1,M07,Male,Surprise,4,1
M07SU4V2,M07,Male,Surprise,4,2
M07SU5V1,M07,Male,Surprise,5,1
M08A0V1,M08,Male,Angry,0,1
M08A1V1,M08,Male,Angry,1,1
M08A1V2,M08,Male,Angry,1,2
M08A1V3,M08,Male,Angry,1,3
M08A2V1,M08,Male,Angry,2,1
M08A3V1,M08,Male,Angry,3,1
M08A4V1,M08,Male,Angry,4,1
M08A5V1,M08,Male,Angry,5,1
M08D0V1,M08,Male,Disgust,0,1
M08D0V2,M08,Male,Disgust,0,2
M08D1V1,M08,Male,Disgust,1,1
M08D1V2,M08,Male,Disgust,1,2
M08D1V3,M08,Male,Disgust,1,3
M08D2V1,M08,Male,Disgust,2,1
M08D3V1,M08,Male,Disgust,3,1
M08D4V1,M08,Male,Disgust,4,1
M08D5V1,M08,Male,Disgust,5,1
M08F0V1,M08,Male,Fearful,0,1
M08F0V2,M08,Male,Fearful,0,2
M08F0V3,M08,Male,Fearful,0,3
M08F0V4,M08,Male,Fearful,0,4
M08F0V5,M08,Male,Fearful,0,5
M08F0V6,M08,Male,Fearful,0,6
M08F1V1,M08,Male,Fearful,1,1
M08F1V2,M08,Male,Fearful,1,2
M08F1V3,M08,Male,Fearful,1,3
M08F2V1,M08,Male,Fearful,2,1
M08F3V1,M08,Male,Fearful,3,1
M08F4V1,M08,Male,Fearful,4,1
M08F4V2,M08,Male,Fearful,4,2
M08F5V1,M08,Male,Fearful,5,1
M08H0V1,M08,Male,Happy,0,1
M08H0V2,M08,Male,Happy,0,2
M08H0V3,M08,Male,Happy,0,3
M08H1V1,M08,Male,Happy,1,1
M08H1V2,M08,Male,Happy,1,2
M08H1V3,M08,Male,Happy,1,3
M08H2V1,M08,Male,Happy,2,1
M08H3V1,M08,Male,Happy,3,1
M08H3V2,M08,Male,Happy,3,2
M08H4V1,M08,Male,Happy,4,1
M08H5V1,M08,Male,Happy,5,1
M08H5V2,M08,Male,Happy,5,2
M08N1V1,M08,Male,Neutral,1,1
M08N2V1,M08,Male,Neutral,2,1
M08N3V1,M08,Male,Neutral,3,1
M08N4V1,M08,Male,Neutral,4,1
M08N5V1,M08,Male,Neutral,5,1
M08SA0V1,M08,Male,Sad,0,1
M08SA0V2,M08,Male,Sad,0,2
M08SA0V3,M08,Male,Sad,0,3
M08SA1V1,M08,Male,Sad,1,1
M08SA1V2,M08,Male,Sad,1,2
M08SA2V1,M08,Male,Sad,2,1
M08SA2V2,M08,Male,Sad,2,2
M08SA2V3,M08,Male,Sad,2,3
M08SA3V1,M08,Male,Sad,3,1
M08SA3V2,M08,Male,Sad,3,2
M08SA4V1,M08,Male,Sad,4,1
M08SA5V1,M08,Male,Sad,5,1
M08SU0V1,M08,Male,Surprise,0,1
M08SU0V2,M08,Male,Surprise,0,2
M08SU0V3,M08,Male,Surprise,0,3
M08SU1V1,M08,Male,Surprise,1,1
M08SU1V2,M08,Male,Surprise,1,2
M08SU2V1,M08,Male,Surprise,2,1
M08SU3V1,M08,Male,Surprise,3,1
M08SU3V2,M08,Male,Surprise,3,2
M08SU4V1,M08,Male,Surprise,4,1
M08SU5V1,M08,Male,Surprise,5,1
M08SU5V2,M08,Male,Surprise,5,2
M08SU5V3,M08,Male,Surprise,5,3
M09A0V1,M09,Male,Angry,0,1
M09A0V2,M09,Male,Angry,0,2
M09A1V1,M09,Male,Angry,1,1
M09A1V2,M09,Male,Angry,1,2
M09A2V1,M09,Male,Angry,2,1
M09A3V1,M09,Male,Angry,3,1
M09A3V2,M09,Male,Angry,3,2
M09A4V1,M09,Male,Angry,4,1
M09A5V1,M09,Male,Angry,5,1
M09A5V2,M09,Male,Angry,5,2
M09D0V1,M09,Male,Disgust,0,1
M09D1V1,M09,Male,Disgust,1,1
M09D1V2,M09,Male,Disgust,1,2
M09D1V3,M09,Male,Disgust,1,3
M09D1V4,M09,Male,Disgust,1,4
M09D2V1,M09,Male,Disgust,2,1
M09D2V2,M09,Male,Disgust,2,2
M09D2V3,M09,Male,Disgust,2,3
M09D3V1,M09,Male,Disgust,3,1
M09D3V2,M09,Male,Disgust,3,2
M09D4V1,M09,Male,Disgust,4,1
M09D5V1,M09,Male,Disgust,5,1
M09D5V2,M09,Male,Disgust,5,2
M09F0V1,M09,Male,Fearful,0,1
M09F1V1,M09,Male,Fearful,1,1
M09F1V2,M09,Male,Fearful,1,2
M09F2V1,M09,Male,Fearful,2,1
M09F3V1,M09,Male,Fearful,3,1
M09F4V1,M09,Male,Fearful,4,1
M09F4V2,M09,Male,Fearful,4,2
M09F5V1,M09,Male,Fearful,5,1
M09H0V1,M09,Male,Happy,0,1
M09H0V2,M09,Male,Happy,0,2
M09H1V1,M09,Male,Happy,1,1
M09H1V2,M09,Male,Happy,1,2
M09H1V3,M09,Male,Happy,1,3
M09H2V1,M09,Male,Happy,2,1
M09H3V1,M09,Male,Happy,3,1
M09H3V2,M09,Male,Happy,3,2
M09H4V1,M09,Male,Happy,4,1
M09H5V1,M09,Male,Happy,5,1
M09N1V1,M09,Male,Neutral,1,1
M09N1V2,M09,Male,Neutral,1,2
M09N1V3,M09,Male,Neutral,1,3
M09N1V4,M09,Male,Neutral,1,4
M09N2V1,M09,Male,Neutral,2,1
M09N3V1,M09,Male,Neutral,3,1
M09N4V1,M09,Male,Neutral,4,1
M09N5V1,M09,Male,Neutral,5,1
M09SA0V1,M09,Male,Sad,0,1
M09SA1V1,M09,Male,Sad,1,1
M09SA1V2,M09,Male,Sad,1,2
M09SA2V1,M09,Male,Sad,2,1
M09SA2V2,M09,Male,Sad,2,2
M09SA2V3,M09,Male,Sad,2,3
M09SA3V1,M09,Male,Sad,3,1
M09SA4V1,M09,Male,Sad,4,1
M09SA4V2,M09,Male,Sad,4,2
M09SA5V1,M09,Male,Sad,5,1
M09SA5V2,M09,Male,Sad,5,2
M09SU0V1,M09,Male,Surprise,0,1
M09SU0V2,M09,Male,Surprise,0,2
M09SU1V1,M09,Male,Surprise,1,1
M09SU1V2,M09,Male,Surprise,1,2
M09SU1V3,M09,Male,Surprise,1,3
M09SU2V1,M09,Male,Surprise,2,1
M09SU3V1,M09,Male,Surprise,3,1
M09SU3V2,M09,Male,Surprise,3,2
M09SU4V1,M09,Male,Surprise,4,1
M09SU5V1,M09,Male,Surprise,5,1
M09SU5V2,M09,Male,Surprise,5,2
M10A0V1,M10,Male,Angry,0,1
M10A0V2,M10,Male,Angry,0,2
M10A0V3,M10,Male,Angry,0,3
M10A1V1,M10,Male,Angry,1,1
M10A1V2,M10,Male,Angry,1,2
M10A2V1,M10,Male,Angry,2,1
M10A3V1,M10,Male,Angry,3,1
M10A4V1,M10,Male,Angry,4,1
M10A5V1,M10,Male,Angry,5,1
M10D0V1,M10,Male,Disgust,0,1
M10D0V2,M10,Male,Disgust,0,2
M10D1V1,M10,Male,Disgust,1,1
M10D2V1,M10,Male,Disgust,2,1
M10D2V2,M10,Male,Disgust,2,2
M10D3V1,M10,Male,Disgust,3,1
M10D4V1,M10,Male,Disgust,4,1
M10D4V2,M10,Male,Disgust,4,2
M10D5V1,M10,Male,Disgust,5,1
M10F0V1,M10,Male,Fearful,0,1
M10F0V2,M10,Male,Fearful,0,2
M10F1V1,M10,Male,Fearful,1,1
M10F1V2,M10,Male,Fearful,1,2
M10F1V3,M10,Male,Fearful,1,3
M10F2V1,M10,Male,Fearful,2,1
M10F2V2,M10,Male,Fearful,2,2
M10F2V3,M10,Male,Fearful,2,3
M10F3V1,M10,Male,Fearful,3,1
M10F4V1,M10,Male,Fearful,4,1
M10F4V2,M10,Male,Fearful,4,2
M10F4V3,M10,Male,Fearful,4,3
M10F4V4,M10,Male,Fearful,4,4
M10F4V5,M10,Male,Fearful,4,5
M10F5V1,M10,Male,Fearful,5,1
M10H0V1,M10,Male,Happy,0,1
M10H0V2,M10,Male,Happy,0,2
M10H1V1,M10,Male,Happy,1,1
M10H2V1,M10,Male,Happy,2,1
M10H3V1,M10,Male,Happy,3,1
M10H4V1,M10,Male,Happy,4,1
M10H5V1,M10,Male,Happy,5,1
M10N1V1,M10,Male,Neutral,1,1
M10N2V1,M10,Male,Neutral,2,1
M10N3V1,M10,Male,Neutral,3,1
M10N4V1,M10,Male,Neutral,4,1
M10N5V1,M10,Male,Neutral,5,1
M10SA0V1,M10,Male,Sad,0,1
M10SA0V2,M10,Male,Sad,0,2
M10SA1V1,M10,Male,Sad,1,1
M10SA1V2,M10,Male,Sad,1,2
M10SA1V3,M10,Male,Sad,1,3
M10SA2V1,M10,Male,Sad,2,1
M10SA3V1,M10,Male,Sad,3,1
M10SA3V2,M10,Male,Sad,3,2
M10SA4V1,M10,Male,Sad,4,1
M10SA4V2,M10,Male,Sad,4,2
M10SA5V1,M10,Male,Sad,5,1
M10SA5V2,M10,Male,Sad,5,2
M10SU0V1,M10,Male,Surprise,0,1
M10SU1V1,M10,Male,Surprise,1,1
M10SU1V2,M10,Male,Surprise,1,2
M10SU1V3,M10,Male,Surprise,1,3
M10SU2V1,M10,Male,Surprise,2,1
M10SU2V2,M10,Male,Surprise,2,2
M10SU2V3,M10,Male,Surprise,2,3
M10SU3V1,M10,Male,Surprise,3,1
M10SU3V2,M10,Male,Surprise,3,2
M10SU3V3,M10,Male,Surprise,3,3
M10SU4V1,M10,Male,Surprise,4,1
M10SU4V2,M10,Male,Surprise,4,2
M10SU4V3,M10,Male,Surprise,4,3
M10SU5V1,M10,Male,Surprise,5,1
M10SU5V2,M10,Male,Surprise,5,2
M11A0V1,M11,Male,Angry,0,1
M11A1V1,M11,Male,Angry,1,1
M11A2V1,M11,Male,Angry,2,1
M11A3V1,M11,Male,Angry,3,1
M11A4V1,M11,Male,Angry,4,1
M11A5V1,M11,Male,Angry,5,1
M11D0V1,M11,Male,Disgust,0,1
M11D0V2,M11,Male,Disgust,0,2
M11D1V1,M11,Male,Disgust,1,1
M11D2V1,M11,Male,Disgust,2,1
M11D2V2,M11,Male,Disgust,2,2
M11D3V1,M11,Male,Disgust,3,1
M11D4V1,M11,Male,Disgust,4,1
M11D5V1,M11,Male,Disgust,5,1
M11F0V1,M11,Male,Fearful,0,1
M11F0V2,M11,Male,Fearful,0,2
M11F0V3,M11,Male,Fearful,0,3
M11F1V1,M11,Male,Fearful,1,1
M11F1V2,M11,Male,Fearful,1,2
M11F1V3,M11,Male,Fearful,1,3
M11F2V1,M11,Male,Fearful,2,1
M11F3V1,M11,Male,Fearful,3,1
M11F4V1,M11,Male,Fearful,4,1
M11F4V2,M11,Male,Fearful,4,2
M11F5V1,M11,Male,Fearful,5,1
M11H0V1,M11,Male,Happy,0,1
M11H0V2,M11,Male,Happy,0,2
M11H1V1,M11,Male,Happy,1,1
M11H1V2,M11,Male,Happy,1,2
M11H2V1,M11,Male,Happy,2,1
M11H3V1,M11,Male,Happy,3,1
M11H4V1,M11,Male,Happy,4,1
M11H5V1,M11,Male,Happy,5,1
M11N1V1,M11,Male,Neutral,1,1
M11N2V1,M11,Male,Neutral,2,1
M11N2V2,M11,Male,Neutral,2,2
M11N3V1,M11,Male,Neutral,3,1
M11N4V1,M11,Male,Neutral,4,1
M11N5V1,M11,Male,Neutral,5,1
M11SA0V1,M11,Male,Sad,0,1
M11SA1V1,M11,Male,Sad,1,1
M11SA2V1,M11,Male,Sad,2,1
M11SA3V1,M11,Male,Sad,3,1
M11SA3V2,M11,Male,Sad,3,2
M11SA4V1,M11,Male,Sad,4,1
M11SA5V1,M11,Male,Sad,5,1
M11SU0V1,M11,Male,Surprise,0,1
M11SU1V1,M11,Male,Surprise,1,1
M11SU2V1,M11,Male,Surprise,2,1
M11SU3V1,M11,Male,Surprise,3,1
M11SU4V1,M11,Male,Surprise,4,1
M11SU5V1,M11,Male,Surprise,5,1
